Job ID,Job URL,Job Title,Status,Timestamp,Location,Page
f01d378a44789705,https://gt.computrabajo.com/ofertas-de-trabajo/oferta-de-trabajo-de-ejecutivo-de-punto-de-venta-walmart-en-guatemala-ciudad-47F189481449193161373E686DCF3405,Ejecutivo de Punto de Venta Walmart,wp_post_failed,2026-09-27T17:35:01.636095,https://gt.computrabajo.com/empleos-en-guatemala,1
c24ea09e02b73947,https://gt.computrabajo.com/ofertas-de-trabajo/oferta-de-trabajo-de-pilotos-de-reparto-licencia-a-villa-nueva-y-zona-12-en-guatemala-ciudad-503A7A4E5347E16F61373E686DCF3405,Pilotos de Reparto Licencia A - Villa Nueva y zona 12,wp_post_failed,2026-09-27T17:35:06.317081,https://gt.computrabajo.com/empleos-en-guatemala,1
e96934ccc5ea1746,https://gt.computrabajo.com/ofertas-de-trabajo/oferta-de-trabajo-de-ejecutivoa-de-servicio-call-centerturno-pm-en-guatemala-ciudad-540AB6F7B1E9899061373E686DCF3405,Ejecutivo/a - De servicio call center/Turno PM,wp_post_failed,2026-09-27T17:35:11.023987,https://gt.computrabajo.com/empleos-en-guatemala,1
511a9c79d9e71f74,https://gt.computrabajo.com/ofertas-de-trabajo/oferta-de-trabajo-de-ejecutivo-de-ventas-cooperativa-ecosaba-rl-agencia-chuarrancho-en-chuarrancho-9B837F6E626EAFFC61373E686DCF3405,Ejecutivo de ventas - Cooperativa Ecosaba R.L. Agencia Chuarrancho,wp_post_failed,2026-09-27T17:35:15.693403,https://gt.computrabajo.com/empleos-en-guatemala,1
42ecffa6e99d5881,https://gt.computrabajo.com/ofertas-de-trabajo/oferta-de-trabajo-de-asesor-comercial-elektra-metaterminal-zona-18-elektra-en-guatemala-ciudad-6A82A3D74660E69261373E686DCF3405,Asesor comercial Elektra Metaterminal zona 18 - Elektra,wp_post_failed,2026-09-27T17:35:20.385182,https://gt.computrabajo.com/empleos-en-guatemala,1
3e5bf26285b01e0f,https://gt.computrabajo.com/ofertas-de-trabajo/oferta-de-trabajo-de-analista-tecnico-ii-de-control-de-calidad-en-guatemala-ciudad-BE3D593D17A3472561373E686DCF3405,Analista Técnico II de Control de Calidad,wp_post_failed,2026-09-27T17:35:25.079284,https://gt.computrabajo.com/empleos-en-guatemala,1
04c3a4839c00a996,https://gt.computrabajo.com/ofertas-de-trabajo/oferta-de-trabajo-de-jefe-visual-merchandansing-en-guatemala-ciudad-5E67D6BC44E5680D61373E686DCF3405,Jefe Visual - Merchandansing,wp_post_failed,2026-09-27T17:35:29.767594,https://gt.computrabajo.com/empleos-en-guatemala,1
6a423a48fe6c7f41,https://gt.computrabajo.com/ofertas-de-trabajo/oferta-de-trabajo-de-asesor-de-ventas-de-productos-financieros-zona-12-en-guatemala-ciudad-725316FA7D31C9E761373E686DCF3405,Asesor de Ventas de Productos Financieros - Zona 12,wp_post_failed,2026-09-27T17:35:34.458727,https://gt.computrabajo.com/empleos-en-guatemala,1
de0f35e8d5d56eb2,https://gt.computrabajo.com/ofertas-de-trabajo/oferta-de-trabajo-de-ejecutivo-de-cuentas-agencia-de-carga-maritimo-aereo-y-terrestre-en-guatemala-ciudad-9FCAB1E0E182A4C361373E686DCF3405,"Ejecutivo de Cuentas / Agencia de Carga - (marítimo, aéreo y terrestre)",wp_post_failed,2026-09-27T17:35:39.166881,https://gt.computrabajo.com/empleos-en-guatemala,1
a99154a988ba035d,https://gt.computrabajo.com/ofertas-de-trabajo/oferta-de-trabajo-de-auxiliar-contable-de-operaciones-bancarias-en-guatemala-ciudad-ECAA4392B542DC8A61373E686DCF3405,Auxiliar Contable de Operaciones Bancarias,wp_post_failed,2026-09-27T17:35:43.720690,https://gt.computrabajo.com/empleos-en-guatemala,1
d8c9661abb0bbeab,https://gt.computrabajo.com/ofertas-de-trabajo/oferta-de-trabajo-de-ejecutivo-de-punto-de-venta-pricesmart-en-guatemala-ciudad-2FE5947DF710C55961373E686DCF3405,Ejecutivo de Punto de Venta Pricesmart,wp_post_failed,2026-09-27T17:35:48.379011,https://gt.computrabajo.com/empleos-en-guatemala,1
ade7d7abe945c0dc,https://gt.computrabajo.com/ofertas-de-trabajo/oferta-de-trabajo-de-auxiliar-de-decoracion-de-interiores-pradera-concepcion-en-santa-catarina-pinula-7B3267F8AD6F327161373E686DCF3405,Auxiliar de decoración de interiores - Pradera Concepción,wp_post_failed,2026-09-27T17:35:53.055707,https://gt.computrabajo.com/empleos-en-guatemala,1
bc8392b523294b92,https://gt.computrabajo.com/ofertas-de-trabajo/oferta-de-trabajo-de-analista-tecnico-ii-de-soporte-de-plataformas-y-servicios-ti-en-guatemala-ciudad-7CFC9D4DABD46F8361373E686DCF3405,Analista Técnico II de Soporte de Plataformas y Servicios TI,wp_post_failed,2026-09-27T17:35:57.758301,https://gt.computrabajo.com/empleos-en-guatemala,1
e8d0fe07c8049503,https://gt.computrabajo.com/ofertas-de-trabajo/oferta-de-trabajo-de-asesor-de-prestamo-banco-azteca-san-jose-pinula-banco-azteca-en-guatemala-ciudad-2CBDF6FF66EA824B61373E686DCF3405,Asesor de préstamo Banco Azteca San José Pinula - Banco Azteca,wp_post_failed,2026-09-27T17:36:02.455303,https://gt.computrabajo.com/empleos-en-guatemala,1
40d7e7b8027b2bd1,https://gt.computrabajo.com/ofertas-de-trabajo/oferta-de-trabajo-de-tecnico-electricista-industrial-zona-11-en-guatemala-ciudad-9D2D28F0A2FB4D5A61373E686DCF3405,Técnico Electricista Industrial - Zona 11,wp_post_failed,2026-09-27T17:36:07.019900,https://gt.computrabajo.com/empleos-en-guatemala,1
ade624753ffa8b77,https://gt.computrabajo.com/ofertas-de-trabajo/oferta-de-trabajo-de-analista-de-extrafinanciamiento-en-guatemala-ciudad-9024894CDBDDC32F61373E686DCF3405,Analista de extrafinanciamiento,wp_post_failed,2026-09-27T17:36:11.750533,https://gt.computrabajo.com/empleos-en-guatemala,1
bfc7c0bf27f9f278,https://gt.computrabajo.com/ofertas-de-trabajo/oferta-de-trabajo-de-ayudante-de-bodega-guatemala-zona-4-capital-en-guatemala-ciudad-B7DEEFE1B70B587061373E686DCF3405,"Ayudante de bodega - Guatemala, zona 4 Capital",wp_post_failed,2026-09-27T17:36:16.539561,https://gt.computrabajo.com/empleos-en-guatemala,1
